Description,TotalRevenue
REGENCY CAKESTAND 3 TIER,174156.54000000024
PARTY BUNTING,99445.23000000053
JUMBO BAG RED RETROSPOT,88599.81000000202
WHITE HANGING HEART T-LIGHT HOLDER,84130.6999999991
POSTAGE,67055.18999999999
PAPER CHAIN KIT 50S CHRISTMAS,55932.39
ASSORTED COLOUR BIRD ORNAMENT,51608.01999999968
CHILLI LIGHTS,47721.95999999995
RABBIT NIGHT LIGHT,46472.55000000006
SPOTTY BUNTING,42513.47999999985
