YearMonth,MonthlyRevenue
2010-12,744755.5499999773
2011-01,556823.0200000235
2011-02,491809.87000002555
2011-03,672201.5500000223
2011-04,483899.58100002527
2011-05,720274.8600000098
2011-06,679702.140000022
2011-07,683273.7010000307
2011-08,705081.4000000176
2011-09,955601.8320000108
2011-10,1066920.6299999761
2011-11,1409010.4199997922
2011-12,415258.74000001716
