CustomerID,TotalRevenue
14646,264629.0599999997
18102,215669.48000000004
14911,140050.2299999995
12415,118551.08999999978
14156,116216.4799999998
17450,105673.10999999999
17511,90851.17999999996
13694,62963.06000000002
15311,60632.75000000012
16684,60148.03999999999
